{
    "accuracy": 0.8787586660514277,
    "loss": 0.3207743515570958
}