{
    "accuracy": 0.863748674460065,
    "loss": 0.3347088098526001
}