{
    "accuracy": 0.8470021425571568,
    "loss": 0.3421948254108429
}