{
    "accuracy": 0.862374651612114,
    "loss": 0.4414265892084907
}