{
    "accuracy": 0.8701369752840273,
    "loss": 0.29825132997596965
}