{
    "accuracy": 0.8493992973838361,
    "loss": 0.4903000630438328
}