{
    "accuracy": 0.8774701495391332,
    "loss": 0.3353324271738529
}