{
    "accuracy": 0.8387463667382788,
    "loss": 0.3362767994403839
}