{
    "accuracy": 0.8454048985474673,
    "loss": 0.3805075616886218
}