{
    "accuracy": 0.8765010285042226,
    "loss": 0.32304405607283115
}