{
    "accuracy": 0.8671217506986609,
    "loss": 0.29393409565091133
}