{
    "accuracy": 0.8766494424684259,
    "loss": 0.3185469061136246
}