{
    "accuracy": 0.8490269528137365,
    "loss": 0.4552505984902382
}